Pos,Nuc
1,A
2,C
3,T
4,C
5,A
6,G
7,T
8,T
9,T
10,G
11,C
12,C
13,T
14,G
15,T
16,T
17,T
18,T
19,A
20,C
21,A
22,G
23,G
24,T
25,T
26,C
27,G
28,C
29,G
30,A
31,C
32,G
33,T
34,G
35,C
36,T
37,C
38,G
39,T
40,A
41,C
42,G
43,T
44,G
45,G
46,C
47,T
48,T
49,T
50,G
51,G
52,A
53,G
54,A
55,C
56,T
57,C
58,C
59,G
60,T
61,G
62,G
63,A
64,G
65,G
66,A
67,G
68,G
69,T
70,C
71,T
72,T
73,A
74,T
75,C
76,A
77,G
78,A
79,G
80,G
81,C
82,A
83,C
84,G
85,T
86,C
87,A
88,A
89,C
90,A
91,T
92,C
93,T
94,T
95,A
96,A
97,A
98,G
99,A
100,T
1,A
2,C
3,T
4,C
5,A
6,G
7,T
8,T
9,T
10,G
11,C
12,C
13,T
14,G
15,T
16,T
17,T
18,T
19,A
20,C
21,A
22,G
23,G
24,T
25,T
26,C
27,G
28,C
29,G
30,A
31,C
32,G
33,T
34,G
35,C
36,T
37,C
38,G
39,T
40,A
41,C
42,G
43,T
44,G
45,G
46,C
47,T
48,T
49,T
50,G
51,G
52,A
53,G
54,A
55,C
56,T
57,C
58,C
59,G
60,T
61,G
62,G
63,A
64,G
65,G
66,A
67,G
68,G
69,T
70,C
71,T
72,T
73,A
74,T
75,C
76,A
77,G
78,A
79,G
80,G
81,C
82,A
83,C
84,G
85,T
86,C
87,A
88,A
89,C
90,A
91,T
92,C
93,T
94,T
95,A
96,A
97,A
98,G
99,A
100,T
1,A
2,C
3,T
4,C
5,A
6,G
7,T
8,T
9,T
10,G
11,C
12,C
13,T
14,G
15,T
16,T
17,T
18,T
19,A
20,C
21,A
22,G
23,G
24,T
25,T
26,C
27,G
28,C
29,G
30,A
31,C
32,G
33,T
34,G
35,C
36,T
37,C
38,G
39,T
40,A
41,C
42,G
43,T
44,G
45,G
46,C
47,T
48,T
49,T
50,G
51,G
52,A
53,G
54,A
55,C
56,T
57,C
58,C
59,G
60,T
61,G
62,G
63,A
64,G
65,G
66,A
67,G
68,G
69,T
70,C
71,T
72,T
73,A
74,T
75,C
76,A
77,G
78,A
79,G
80,G
81,C
82,A
83,C
84,G
85,T
86,C
87,A
88,A
89,C
90,A
91,T
92,C
93,T
94,T
95,A
96,A
97,A
98,G
99,A
100,T
1,A
2,C
3,T
4,C
5,A
6,G
7,T
8,T
9,T
10,G
11,C
12,C
13,T
14,G
15,T
16,T
17,T
18,T
19,A
20,C
21,A
22,G
23,G
24,T
25,T
26,C
27,G
28,C
29,G
30,A
31,C
32,G
33,T
34,G
35,C
36,T
37,C
38,G
39,T
40,A
41,C
42,G
43,T
44,G
45,G
46,C
47,T
48,T
49,T
50,G
51,G
52,A
53,G
54,A
55,C
56,T
57,C
58,C
59,G
60,T
61,G
62,G
63,A
64,G
65,G
66,A
67,G
68,G
69,T
70,C
71,T
72,T
73,A
74,T
75,C
76,A
77,G
78,A
79,G
80,G
81,C
82,A
83,C
84,G
85,T
86,C
87,A
88,A
89,C
90,A
91,T
92,C
93,T
94,T
95,A
96,A
97,A
98,G
99,A
100,T
1,A
2,C
3,T
4,C
5,A
6,G
7,T
8,T
9,T
10,G
11,C
12,C
13,T
14,G
15,T
16,T
17,T
18,T
19,A
20,C
21,A
22,G
23,G
24,T
25,T
26,C
27,G
28,C
29,G
30,A
31,C
32,G
33,T
34,G
35,C
36,T
37,C
38,G
39,T
40,A
41,C
42,G
43,T
44,G
45,G
46,C
47,T
48,T
49,T
50,G
51,G
52,A
53,G
54,A
55,C
56,T
57,C
58,C
59,G
60,T
61,G
62,G
63,A
64,G
65,G
66,A
67,G
68,G
69,T
70,C
71,T
72,T
73,A
74,T
75,C
76,A
77,G
78,A
79,G
80,G
81,C
82,A
83,C
84,G
85,T
86,C
87,A
88,A
89,C
90,A
91,T
92,C
93,T
94,T
95,A
96,A
97,A
98,G
99,A
100,T
